<Ui xmlns="http://www.blizzard.com/wow/ui/" xmlns:xsi="http://www.w3.org/2001/XMLSchema-instance" xsi:schemaLocation="http://www.blizzard.com/wow/ui/
..\FrameXML\UI.xsd">
    <Script file="LibMayronGUI.lua"/>
    <Script file="Widgets\Panel.lua"/>
    <Script file="Widgets\Cell.lua"/>
    <Script file="Widgets\Group.lua"/>
    <Script file="Widgets\Style.lua"/>
    <Script file="Widgets\SlideController.lua"/>
    <Script file="Widgets\DropDownMenu.lua"/>
    <Script file="Widgets\DynamicFrame.lua"/>
    <Script file="Widgets\DynamicScrollFrame.lua"/>
    <Script file="Widgets\GridTexture.lua"/>
    <Script file="Widgets\Miscellaneous.lua"/>
    <Script file="Widgets\TextField.lua"/>
</Ui>
